<?xml version="1.0" encoding="UTF-8"?>
<rss xmlns:content="http://purl.org/rss/1.0/modules/content/" xmlns:dc="http://purl.org/dc/elements/1.1/" version="2.0">
  <channel>
    <title>ConstructConnect Blog</title>
    <link>https://www.constructconnect.com/blog</link>
    <description />
    <language>en</language>
    <pubDate>Tue, 25 Oct 2022 11:55:02 GMT</pubDate>
    <dc:date>2022-10-25T11:55:02Z</dc:date>
    <dc:language>en</dc:language>
    <item>
      <title>3 Ways General Contractors Can Combat Labor Shortages</title>
      <link>https://www.constructconnect.com/blog/3-ways-general-contractors-can-combat-labor-shortages</link>
      <description>&lt;div class="hs-featured-image-wrapper"&gt; 
 &lt;a href="https://www.constructconnect.com/blog/3-ways-general-contractors-can-combat-labor-shortages" title="" class="hs-featured-image-link"&gt; &lt;img src="https://www.constructconnect.com/hubfs/Labor-Header-3-Graphic-DCN-1.jpg" alt="3 Ways General Contractors Can Combat Labor Shortages" class="hs-featured-image" style="width:auto !important; max-width:50%; float:left; margin:0 15px 15px 0;"&gt; &lt;/a&gt; 
&lt;/div&gt; 
&lt;p&gt;The labor shortage in construction is something contractors have dealt with for decades. The pandemic certainly exaggerated the impact of shortages, but there were fewer and fewer recruits even before the Great Recession. With an aging labor force and a huge demand for labor, the shortage has reached an all-time high.&lt;/p&gt;</description>
      <content:encoded>&lt;div class="hs-featured-image-wrapper"&gt; 
 &lt;a href="https://www.constructconnect.com/blog/3-ways-general-contractors-can-combat-labor-shortages" title="" class="hs-featured-image-link"&gt; &lt;img src="https://www.constructconnect.com/hubfs/Labor-Header-3-Graphic-DCN-1.jpg" alt="3 Ways General Contractors Can Combat Labor Shortages" class="hs-featured-image" style="width:auto !important; max-width:50%; float:left; margin:0 15px 15px 0;"&gt; &lt;/a&gt; 
&lt;/div&gt; 
&lt;p&gt;The labor shortage in construction is something contractors have dealt with for decades. The pandemic certainly exaggerated the impact of shortages, but there were fewer and fewer recruits even before the Great Recession. With an aging labor force and a huge demand for labor, the shortage has reached an all-time high.&lt;/p&gt;  
&lt;img src="https://track.hubspot.com/__ptq.gif?a=2347101&amp;amp;k=14&amp;amp;r=https%3A%2F%2Fwww.constructconnect.com%2Fblog%2F3-ways-general-contractors-can-combat-labor-shortages&amp;amp;bu=https%253A%252F%252Fwww.constructconnect.com%252Fblog&amp;amp;bvt=rss" alt="" width="1" height="1" style="min-height:1px!important;width:1px!important;border-width:0!important;margin-top:0!important;margin-bottom:0!important;margin-right:0!important;margin-left:0!important;padding-top:0!important;padding-bottom:0!important;padding-right:0!important;padding-left:0!important; "&gt;</content:encoded>
      <category>Operating Insights</category>
      <pubDate>Tue, 25 Oct 2022 11:55:02 GMT</pubDate>
      <guid>https://www.constructconnect.com/blog/3-ways-general-contractors-can-combat-labor-shortages</guid>
      <dc:date>2022-10-25T11:55:02Z</dc:date>
      <dc:creator>Nemanja Simic</dc:creator>
    </item>
    <item>
      <title>Top 10 Construction Industry OSHA Violations - 2022</title>
      <link>https://www.constructconnect.com/blog/top-10-construction-industry-osha-violations-2022</link>
      <description>&lt;div class="hs-featured-image-wrapper"&gt; 
 &lt;a href="https://www.constructconnect.com/blog/top-10-construction-industry-osha-violations-2022" title="" class="hs-featured-image-link"&gt; &lt;img src="https://www.constructconnect.com/hubfs/construction%20worker%20fall.jpg" alt="construction worker falling" class="hs-featured-image" style="width:auto !important; max-width:50%; float:left; margin:0 15px 15px 0;"&gt; &lt;/a&gt; 
&lt;/div&gt; 
&lt;p&gt;We’ve compiled the list of Top 10 Most Frequently Cited Standards for Construction for fiscal year 2022 (October 2021 through September 2022).&lt;/p&gt;</description>
      <content:encoded>&lt;div class="hs-featured-image-wrapper"&gt; 
 &lt;a href="https://www.constructconnect.com/blog/top-10-construction-industry-osha-violations-2022" title="" class="hs-featured-image-link"&gt; &lt;img src="https://www.constructconnect.com/hubfs/construction%20worker%20fall.jpg" alt="construction worker falling" class="hs-featured-image" style="width:auto !important; max-width:50%; float:left; margin:0 15px 15px 0;"&gt; &lt;/a&gt; 
&lt;/div&gt; 
&lt;p&gt;We’ve compiled the list of Top 10 Most Frequently Cited Standards for Construction for fiscal year 2022 (October 2021 through September 2022).&lt;/p&gt;  
&lt;img src="https://track.hubspot.com/__ptq.gif?a=2347101&amp;amp;k=14&amp;amp;r=https%3A%2F%2Fwww.constructconnect.com%2Fblog%2Ftop-10-construction-industry-osha-violations-2022&amp;amp;bu=https%253A%252F%252Fwww.constructconnect.com%252Fblog&amp;amp;bvt=rss" alt="" width="1" height="1" style="min-height:1px!important;width:1px!important;border-width:0!important;margin-top:0!important;margin-bottom:0!important;margin-right:0!important;margin-left:0!important;padding-top:0!important;padding-bottom:0!important;padding-right:0!important;padding-left:0!important; "&gt;</content:encoded>
      <category>Construction Safety</category>
      <pubDate>Thu, 13 Oct 2022 07:24:44 GMT</pubDate>
      <author>kendall.jones@constructconnect.com (Kendall Jones)</author>
      <guid>https://www.constructconnect.com/blog/top-10-construction-industry-osha-violations-2022</guid>
      <dc:date>2022-10-13T07:24:44Z</dc:date>
    </item>
    <item>
      <title>Construction Equipment – Rent, Buy, or Lease?</title>
      <link>https://www.constructconnect.com/blog/construction-equipment-rent-buy-lease</link>
      <description>&lt;div class="hs-featured-image-wrapper"&gt; 
 &lt;a href="https://www.constructconnect.com/blog/construction-equipment-rent-buy-lease" title="" class="hs-featured-image-link"&gt; &lt;img src="https://www.constructconnect.com/hubfs/Imported_Blog_Media/heavy-equipment-e1489652996447.jpg" alt="Construction Equipment – Rent, Buy, or Lease?" class="hs-featured-image" style="width:auto !important; max-width:50%; float:left; margin:0 15px 15px 0;"&gt; &lt;/a&gt; 
&lt;/div&gt; 
&lt;p&gt;When it comes to acquiring construction equipment for your commercial construction company there are a number of factors to consider when it comes time to decide whether you rent, buy or lease.&lt;/p&gt;</description>
      <content:encoded>&lt;div class="hs-featured-image-wrapper"&gt; 
 &lt;a href="https://www.constructconnect.com/blog/construction-equipment-rent-buy-lease" title="" class="hs-featured-image-link"&gt; &lt;img src="https://www.constructconnect.com/hubfs/Imported_Blog_Media/heavy-equipment-e1489652996447.jpg" alt="Construction Equipment – Rent, Buy, or Lease?" class="hs-featured-image" style="width:auto !important; max-width:50%; float:left; margin:0 15px 15px 0;"&gt; &lt;/a&gt; 
&lt;/div&gt; 
&lt;p&gt;When it comes to acquiring construction equipment for your commercial construction company there are a number of factors to consider when it comes time to decide whether you rent, buy or lease.&lt;/p&gt;  
&lt;img src="https://track.hubspot.com/__ptq.gif?a=2347101&amp;amp;k=14&amp;amp;r=https%3A%2F%2Fwww.constructconnect.com%2Fblog%2Fconstruction-equipment-rent-buy-lease&amp;amp;bu=https%253A%252F%252Fwww.constructconnect.com%252Fblog&amp;amp;bvt=rss" alt="" width="1" height="1" style="min-height:1px!important;width:1px!important;border-width:0!important;margin-top:0!important;margin-bottom:0!important;margin-right:0!important;margin-left:0!important;padding-top:0!important;padding-bottom:0!important;padding-right:0!important;padding-left:0!important; "&gt;</content:encoded>
      <category>Operating Insights</category>
      <pubDate>Fri, 30 Sep 2022 10:45:00 GMT</pubDate>
      <author>kendall.jones@constructconnect.com (Kendall Jones)</author>
      <guid>https://www.constructconnect.com/blog/construction-equipment-rent-buy-lease</guid>
      <dc:date>2022-09-30T10:45:00Z</dc:date>
    </item>
    <item>
      <title>6 Reasons Why Construction Companies Fail</title>
      <link>https://www.constructconnect.com/blog/6-reasons-why-construction-companies-fail</link>
      <description>&lt;div class="hs-featured-image-wrapper"&gt; 
 &lt;a href="https://www.constructconnect.com/blog/6-reasons-why-construction-companies-fail" title="" class="hs-featured-image-link"&gt; &lt;img src="https://www.constructconnect.com/hubfs/Imported_Blog_Media/construction-company-failure-2.jpg" alt="6 Reasons Why Construction Companies Fail" class="hs-featured-image" style="width:auto !important; max-width:50%; float:left; margin:0 15px 15px 0;"&gt; &lt;/a&gt; 
&lt;/div&gt; 
&lt;p&gt;Running a successful construction company isn’t easy. The industry is full of risks and challenges that can lead to failure. According to data from the &lt;span style="text-decoration: underline;"&gt;&lt;span style="color: #00a1e0;"&gt;&lt;a href="https://www.bls.gov/bdm/us_age_naics_23_table7.txt" style="color: #00a1e0;"&gt;Bureau of Labor Statistics&lt;/a&gt;&lt;/span&gt;&lt;/span&gt;, of the 69,296 private construction firms that started operation in 2001, 56% were still around three years later, 26.6% made it to year 10, and only 17.2% were still in operation 20 years later. That’s a failure rate of nearly 82.8%. Let that sink in for a bit.&lt;/p&gt;</description>
      <content:encoded>&lt;div class="hs-featured-image-wrapper"&gt; 
 &lt;a href="https://www.constructconnect.com/blog/6-reasons-why-construction-companies-fail" title="" class="hs-featured-image-link"&gt; &lt;img src="https://www.constructconnect.com/hubfs/Imported_Blog_Media/construction-company-failure-2.jpg" alt="6 Reasons Why Construction Companies Fail" class="hs-featured-image" style="width:auto !important; max-width:50%; float:left; margin:0 15px 15px 0;"&gt; &lt;/a&gt; 
&lt;/div&gt; 
&lt;p&gt;Running a successful construction company isn’t easy. The industry is full of risks and challenges that can lead to failure. According to data from the &lt;span style="text-decoration: underline;"&gt;&lt;span style="color: #00a1e0;"&gt;&lt;a href="https://www.bls.gov/bdm/us_age_naics_23_table7.txt" style="color: #00a1e0;"&gt;Bureau of Labor Statistics&lt;/a&gt;&lt;/span&gt;&lt;/span&gt;, of the 69,296 private construction firms that started operation in 2001, 56% were still around three years later, 26.6% made it to year 10, and only 17.2% were still in operation 20 years later. That’s a failure rate of nearly 82.8%. Let that sink in for a bit.&lt;/p&gt;  
&lt;img src="https://track.hubspot.com/__ptq.gif?a=2347101&amp;amp;k=14&amp;amp;r=https%3A%2F%2Fwww.constructconnect.com%2Fblog%2F6-reasons-why-construction-companies-fail&amp;amp;bu=https%253A%252F%252Fwww.constructconnect.com%252Fblog&amp;amp;bvt=rss" alt="" width="1" height="1" style="min-height:1px!important;width:1px!important;border-width:0!important;margin-top:0!important;margin-bottom:0!important;margin-right:0!important;margin-left:0!important;padding-top:0!important;padding-bottom:0!important;padding-right:0!important;padding-left:0!important; "&gt;</content:encoded>
      <category>Operating Insights</category>
      <pubDate>Fri, 16 Sep 2022 09:30:00 GMT</pubDate>
      <author>kendall.jones@constructconnect.com (Kendall Jones)</author>
      <guid>https://www.constructconnect.com/blog/6-reasons-why-construction-companies-fail</guid>
      <dc:date>2022-09-16T09:30:00Z</dc:date>
    </item>
    <item>
      <title>5 Tips for Promoting Well-Being and Mental Health in Construction</title>
      <link>https://www.constructconnect.com/blog/5-tips-for-promoting-well-being-and-mental-health-in-construction</link>
      <description>&lt;div class="hs-featured-image-wrapper"&gt; 
 &lt;a href="https://www.constructconnect.com/blog/5-tips-for-promoting-well-being-and-mental-health-in-construction" title="" class="hs-featured-image-link"&gt; &lt;img src="https://www.constructconnect.com/hubfs/Shutterstock_2052523319%20%281%29.jpg" alt="5 Tips for Promoting Well-Being and Mental Health in Construction" class="hs-featured-image" style="width:auto !important; max-width:50%; float:left; margin:0 15px 15px 0;"&gt; &lt;/a&gt; 
&lt;/div&gt; 
&lt;p&gt;&lt;span&gt;In 2020, the CDC found that the construction industry has the second-highest suicide rate in the country&lt;/span&gt;&lt;span&gt;,&lt;/span&gt;&lt;span&gt; and construction workers are 3.5 more likely to die by suicide. With the suicide rate in construction ranked as &lt;/span&gt;&lt;span style="color: #00a1e0;"&gt;&lt;a href="https://www.cdc.gov/mmwr/volumes/67/wr/mm6745a1.htm?s_cid=mm6745a1_w" style="color: #00a1e0; text-decoration: underline;"&gt;one of the highest by occupation&lt;/a&gt;&lt;/span&gt;&lt;span&gt;, industry leaders and members must take the necessary steps to educate and support those at risk. In addition to spreading awareness and education around the topic, something more sustainable and lasting must be done to help prevent and reduce suicides in construction.&lt;/span&gt;&lt;span&gt;&amp;nbsp;&lt;/span&gt;&lt;/p&gt;</description>
      <content:encoded>&lt;div class="hs-featured-image-wrapper"&gt; 
 &lt;a href="https://www.constructconnect.com/blog/5-tips-for-promoting-well-being-and-mental-health-in-construction" title="" class="hs-featured-image-link"&gt; &lt;img src="https://www.constructconnect.com/hubfs/Shutterstock_2052523319%20%281%29.jpg" alt="5 Tips for Promoting Well-Being and Mental Health in Construction" class="hs-featured-image" style="width:auto !important; max-width:50%; float:left; margin:0 15px 15px 0;"&gt; &lt;/a&gt; 
&lt;/div&gt; 
&lt;p&gt;&lt;span&gt;In 2020, the CDC found that the construction industry has the second-highest suicide rate in the country&lt;/span&gt;&lt;span&gt;,&lt;/span&gt;&lt;span&gt; and construction workers are 3.5 more likely to die by suicide. With the suicide rate in construction ranked as &lt;/span&gt;&lt;span style="color: #00a1e0;"&gt;&lt;a href="https://www.cdc.gov/mmwr/volumes/67/wr/mm6745a1.htm?s_cid=mm6745a1_w" style="color: #00a1e0; text-decoration: underline;"&gt;one of the highest by occupation&lt;/a&gt;&lt;/span&gt;&lt;span&gt;, industry leaders and members must take the necessary steps to educate and support those at risk. In addition to spreading awareness and education around the topic, something more sustainable and lasting must be done to help prevent and reduce suicides in construction.&lt;/span&gt;&lt;span&gt;&amp;nbsp;&lt;/span&gt;&lt;/p&gt;  
&lt;img src="https://track.hubspot.com/__ptq.gif?a=2347101&amp;amp;k=14&amp;amp;r=https%3A%2F%2Fwww.constructconnect.com%2Fblog%2F5-tips-for-promoting-well-being-and-mental-health-in-construction&amp;amp;bu=https%253A%252F%252Fwww.constructconnect.com%252Fblog&amp;amp;bvt=rss" alt="" width="1" height="1" style="min-height:1px!important;width:1px!important;border-width:0!important;margin-top:0!important;margin-bottom:0!important;margin-right:0!important;margin-left:0!important;padding-top:0!important;padding-bottom:0!important;padding-right:0!important;padding-left:0!important; "&gt;</content:encoded>
      <category>Operating Insights</category>
      <pubDate>Fri, 09 Sep 2022 12:00:00 GMT</pubDate>
      <author>sydney.paschall@constructconnect.com (Sydney Paschall)</author>
      <guid>https://www.constructconnect.com/blog/5-tips-for-promoting-well-being-and-mental-health-in-construction</guid>
      <dc:date>2022-09-09T12:00:00Z</dc:date>
    </item>
    <item>
      <title>Suicide in Construction: Awareness &amp; Resources for Prevention</title>
      <link>https://www.constructconnect.com/blog/suicide-in-construction-awareness-resources-for-prevention</link>
      <description>&lt;div class="hs-featured-image-wrapper"&gt; 
 &lt;a href="https://www.constructconnect.com/blog/suicide-in-construction-awareness-resources-for-prevention" title="" class="hs-featured-image-link"&gt; &lt;img src="https://www.constructconnect.com/hubfs/Shutterstock_1401713405.jpg" alt="Suicide in Construction: Awareness &amp;amp; Resources for Prevention" class="hs-featured-image" style="width:auto !important; max-width:50%; float:left; margin:0 15px 15px 0;"&gt; &lt;/a&gt; 
&lt;/div&gt; 
&lt;p&gt;&lt;span&gt;There are approximately &lt;/span&gt;&lt;span style="color: #00a1e0;"&gt;&lt;a href="https://www.cdc.gov/niosh/topics/stress/suicide.html" style="color: #00a1e0; text-decoration: underline;"&gt;133 deaths by suicide per day&lt;/a&gt;&lt;/span&gt;&lt;span&gt; in the United States. This equates to someone taking their own life every 11 minutes. To better understand the causes and how to combat this issue, the Center for Disease Control and Prevention&amp;nbsp;conducted a survey to discover which industries and occupations were at the most risk for suicides. &lt;/span&gt;&lt;span&gt;&amp;nbsp;&lt;/span&gt;&lt;/p&gt;</description>
      <content:encoded>&lt;div class="hs-featured-image-wrapper"&gt; 
 &lt;a href="https://www.constructconnect.com/blog/suicide-in-construction-awareness-resources-for-prevention" title="" class="hs-featured-image-link"&gt; &lt;img src="https://www.constructconnect.com/hubfs/Shutterstock_1401713405.jpg" alt="Suicide in Construction: Awareness &amp;amp; Resources for Prevention" class="hs-featured-image" style="width:auto !important; max-width:50%; float:left; margin:0 15px 15px 0;"&gt; &lt;/a&gt; 
&lt;/div&gt; 
&lt;p&gt;&lt;span&gt;There are approximately &lt;/span&gt;&lt;span style="color: #00a1e0;"&gt;&lt;a href="https://www.cdc.gov/niosh/topics/stress/suicide.html" style="color: #00a1e0; text-decoration: underline;"&gt;133 deaths by suicide per day&lt;/a&gt;&lt;/span&gt;&lt;span&gt; in the United States. This equates to someone taking their own life every 11 minutes. To better understand the causes and how to combat this issue, the Center for Disease Control and Prevention&amp;nbsp;conducted a survey to discover which industries and occupations were at the most risk for suicides. &lt;/span&gt;&lt;span&gt;&amp;nbsp;&lt;/span&gt;&lt;/p&gt;  
&lt;img src="https://track.hubspot.com/__ptq.gif?a=2347101&amp;amp;k=14&amp;amp;r=https%3A%2F%2Fwww.constructconnect.com%2Fblog%2Fsuicide-in-construction-awareness-resources-for-prevention&amp;amp;bu=https%253A%252F%252Fwww.constructconnect.com%252Fblog&amp;amp;bvt=rss" alt="" width="1" height="1" style="min-height:1px!important;width:1px!important;border-width:0!important;margin-top:0!important;margin-bottom:0!important;margin-right:0!important;margin-left:0!important;padding-top:0!important;padding-bottom:0!important;padding-right:0!important;padding-left:0!important; "&gt;</content:encoded>
      <pubDate>Tue, 06 Sep 2022 19:39:08 GMT</pubDate>
      <author>sydney.paschall@constructconnect.com (Sydney Paschall)</author>
      <guid>https://www.constructconnect.com/blog/suicide-in-construction-awareness-resources-for-prevention</guid>
      <dc:date>2022-09-06T19:39:08Z</dc:date>
    </item>
    <item>
      <title>What Contractors Need to Know About Risk Management in Construction</title>
      <link>https://www.constructconnect.com/blog/what-contractors-need-to-know-about-risk-management-in-construction</link>
      <description>&lt;div class="hs-featured-image-wrapper"&gt; 
 &lt;a href="https://www.constructconnect.com/blog/what-contractors-need-to-know-about-risk-management-in-construction" title="" class="hs-featured-image-link"&gt; &lt;img src="https://www.constructconnect.com/hubfs/construction_risks_strategy_shutterstock_1493369789.png" alt="What Contractors Need to Know About Risk Management in Construction" class="hs-featured-image" style="width:auto !important; max-width:50%; float:left; margin:0 15px 15px 0;"&gt; &lt;/a&gt; 
&lt;/div&gt; 
&lt;h2&gt;Construction Risk Management: What Contractors Should Know&lt;/h2&gt; 
&lt;p&gt;As a construction contractor, you likely contend with multiple risks each day. Every project on which you perform work is unique and likely involves both risks and potential benefits. To be more successful, you must understand how to identify and manage risks on construction projects to help avoid potentially detrimental issues.&lt;/p&gt;</description>
      <content:encoded>&lt;div class="hs-featured-image-wrapper"&gt; 
 &lt;a href="https://www.constructconnect.com/blog/what-contractors-need-to-know-about-risk-management-in-construction" title="" class="hs-featured-image-link"&gt; &lt;img src="https://www.constructconnect.com/hubfs/construction_risks_strategy_shutterstock_1493369789.png" alt="What Contractors Need to Know About Risk Management in Construction" class="hs-featured-image" style="width:auto !important; max-width:50%; float:left; margin:0 15px 15px 0;"&gt; &lt;/a&gt; 
&lt;/div&gt; 
&lt;h2&gt;Construction Risk Management: What Contractors Should Know&lt;/h2&gt; 
&lt;p&gt;As a construction contractor, you likely contend with multiple risks each day. Every project on which you perform work is unique and likely involves both risks and potential benefits. To be more successful, you must understand how to identify and manage risks on construction projects to help avoid potentially detrimental issues.&lt;/p&gt;  
&lt;img src="https://track.hubspot.com/__ptq.gif?a=2347101&amp;amp;k=14&amp;amp;r=https%3A%2F%2Fwww.constructconnect.com%2Fblog%2Fwhat-contractors-need-to-know-about-risk-management-in-construction&amp;amp;bu=https%253A%252F%252Fwww.constructconnect.com%252Fblog&amp;amp;bvt=rss" alt="" width="1" height="1" style="min-height:1px!important;width:1px!important;border-width:0!important;margin-top:0!important;margin-bottom:0!important;margin-right:0!important;margin-left:0!important;padding-top:0!important;padding-bottom:0!important;padding-right:0!important;padding-left:0!important; "&gt;</content:encoded>
      <category>Operating Insights</category>
      <pubDate>Fri, 26 Aug 2022 15:08:29 GMT</pubDate>
      <guid>https://www.constructconnect.com/blog/what-contractors-need-to-know-about-risk-management-in-construction</guid>
      <dc:date>2022-08-26T15:08:29Z</dc:date>
      <dc:creator>Eric Weisbrot</dc:creator>
    </item>
    <item>
      <title>Using Job Hazard Analysis to Improve Construction Safety</title>
      <link>https://www.constructconnect.com/blog/using-job-hazard-analysis-improve-construction-safety</link>
      <description>&lt;div class="hs-featured-image-wrapper"&gt; 
 &lt;a href="https://www.constructconnect.com/blog/using-job-hazard-analysis-improve-construction-safety" title="" class="hs-featured-image-link"&gt; &lt;img src="https://www.constructconnect.com/hubfs/Using%20Job%20Hazard%20Analysis%20to%20Improve%20Construction%20Safety%20shutterstock_1581571768-1.jpg" alt="Using Job Hazard Analysis to Improve Construction Safety" class="hs-featured-image" style="width:auto !important; max-width:50%; float:left; margin:0 15px 15px 0;"&gt; &lt;/a&gt; 
&lt;/div&gt; 
&lt;p&gt;Construction sites can be a dangerous work environment. Safety managers and project managers are tasked with identifying and eliminating hazards to ensure the safety of everyone on the jobsite. Conducting a job hazard analysis for each job on a project is an effective method for mitigating potential hazards and protecting workers.&lt;/p&gt;</description>
      <content:encoded>&lt;div class="hs-featured-image-wrapper"&gt; 
 &lt;a href="https://www.constructconnect.com/blog/using-job-hazard-analysis-improve-construction-safety" title="" class="hs-featured-image-link"&gt; &lt;img src="https://www.constructconnect.com/hubfs/Using%20Job%20Hazard%20Analysis%20to%20Improve%20Construction%20Safety%20shutterstock_1581571768-1.jpg" alt="Using Job Hazard Analysis to Improve Construction Safety" class="hs-featured-image" style="width:auto !important; max-width:50%; float:left; margin:0 15px 15px 0;"&gt; &lt;/a&gt; 
&lt;/div&gt; 
&lt;p&gt;Construction sites can be a dangerous work environment. Safety managers and project managers are tasked with identifying and eliminating hazards to ensure the safety of everyone on the jobsite. Conducting a job hazard analysis for each job on a project is an effective method for mitigating potential hazards and protecting workers.&lt;/p&gt;  
&lt;img src="https://track.hubspot.com/__ptq.gif?a=2347101&amp;amp;k=14&amp;amp;r=https%3A%2F%2Fwww.constructconnect.com%2Fblog%2Fusing-job-hazard-analysis-improve-construction-safety&amp;amp;bu=https%253A%252F%252Fwww.constructconnect.com%252Fblog&amp;amp;bvt=rss" alt="" width="1" height="1" style="min-height:1px!important;width:1px!important;border-width:0!important;margin-top:0!important;margin-bottom:0!important;margin-right:0!important;margin-left:0!important;padding-top:0!important;padding-bottom:0!important;padding-right:0!important;padding-left:0!important; "&gt;</content:encoded>
      <category>Construction Safety</category>
      <pubDate>Tue, 16 Aug 2022 07:30:00 GMT</pubDate>
      <author>kendall.jones@constructconnect.com (Kendall Jones)</author>
      <guid>https://www.constructconnect.com/blog/using-job-hazard-analysis-improve-construction-safety</guid>
      <dc:date>2022-08-16T07:30:00Z</dc:date>
    </item>
    <item>
      <title>Building Relationships: One Construction Project at a Time</title>
      <link>https://www.constructconnect.com/blog/building-relationships-one-construction-project-at-a-time</link>
      <description>&lt;div class="hs-featured-image-wrapper"&gt; 
 &lt;a href="https://www.constructconnect.com/blog/building-relationships-one-construction-project-at-a-time" title="" class="hs-featured-image-link"&gt; &lt;img src="https://www.constructconnect.com/hubfs/assets/images/Handshake.jpg" alt="shutterstock_538443850" class="hs-featured-image" style="width:auto !important; max-width:50%; float:left; margin:0 15px 15px 0;"&gt; &lt;/a&gt; 
&lt;/div&gt; 
&lt;p style="color: #1c1e29; background: transparent; margin-top: 0pt; margin-bottom: 0pt;"&gt;&lt;span style="color: #1c1e29; background: transparent; margin-top: 0pt; margin-bottom: 0pt;"&gt;Strong relationships between general contractors and subcontractors are an important component of a successful project. These relationships don’t mature overnight, and it takes time and effort from both parties to build a level of trust that evolves into a strong working partnership. Putting in the work to build these relationships can be mutually beneficial to both parties and pay off for years to come.&lt;/span&gt;&lt;/p&gt;</description>
      <content:encoded>&lt;div class="hs-featured-image-wrapper"&gt; 
 &lt;a href="https://www.constructconnect.com/blog/building-relationships-one-construction-project-at-a-time" title="" class="hs-featured-image-link"&gt; &lt;img src="https://www.constructconnect.com/hubfs/assets/images/Handshake.jpg" alt="shutterstock_538443850" class="hs-featured-image" style="width:auto !important; max-width:50%; float:left; margin:0 15px 15px 0;"&gt; &lt;/a&gt; 
&lt;/div&gt; 
&lt;p style="color: #1c1e29; background: transparent; margin-top: 0pt; margin-bottom: 0pt;"&gt;&lt;span style="color: #1c1e29; background: transparent; margin-top: 0pt; margin-bottom: 0pt;"&gt;Strong relationships between general contractors and subcontractors are an important component of a successful project. These relationships don’t mature overnight, and it takes time and effort from both parties to build a level of trust that evolves into a strong working partnership. Putting in the work to build these relationships can be mutually beneficial to both parties and pay off for years to come.&lt;/span&gt;&lt;/p&gt;  
&lt;img src="https://track.hubspot.com/__ptq.gif?a=2347101&amp;amp;k=14&amp;amp;r=https%3A%2F%2Fwww.constructconnect.com%2Fblog%2Fbuilding-relationships-one-construction-project-at-a-time&amp;amp;bu=https%253A%252F%252Fwww.constructconnect.com%252Fblog&amp;amp;bvt=rss" alt="" width="1" height="1" style="min-height:1px!important;width:1px!important;border-width:0!important;margin-top:0!important;margin-bottom:0!important;margin-right:0!important;margin-left:0!important;padding-top:0!important;padding-bottom:0!important;padding-right:0!important;padding-left:0!important; "&gt;</content:encoded>
      <category>Operating Insights</category>
      <pubDate>Thu, 11 Aug 2022 11:30:00 GMT</pubDate>
      <author>kendall.jones@constructconnect.com (Kendall Jones)</author>
      <guid>https://www.constructconnect.com/blog/building-relationships-one-construction-project-at-a-time</guid>
      <dc:date>2022-08-11T11:30:00Z</dc:date>
    </item>
    <item>
      <title>4 Ways to Improve Construction Jobsite Safety</title>
      <link>https://www.constructconnect.com/blog/4-ways-improve-jobsite-safety</link>
      <description>&lt;div class="hs-featured-image-wrapper"&gt; 
 &lt;a href="https://www.constructconnect.com/blog/4-ways-improve-jobsite-safety" title="" class="hs-featured-image-link"&gt; &lt;img src="https://www.constructconnect.com/hubfs/Imported_Blog_Media/jobsite-safety-2.png" alt="4 Ways to Improve Construction Jobsite Safety" class="hs-featured-image" style="width:auto !important; max-width:50%; float:left; margin:0 15px 15px 0;"&gt; &lt;/a&gt; 
&lt;/div&gt; 
&lt;p&gt;Construction work is inherently dangerous. Construction consistently leads all industries in total worker deaths each year and has one of the highest fatality rates for worker deaths. The top priority of every construction company should be to protect their workers from injuries and ensure everyone makes it home safe at the end of each shift.&lt;/p&gt;</description>
      <content:encoded>&lt;div class="hs-featured-image-wrapper"&gt; 
 &lt;a href="https://www.constructconnect.com/blog/4-ways-improve-jobsite-safety" title="" class="hs-featured-image-link"&gt; &lt;img src="https://www.constructconnect.com/hubfs/Imported_Blog_Media/jobsite-safety-2.png" alt="4 Ways to Improve Construction Jobsite Safety" class="hs-featured-image" style="width:auto !important; max-width:50%; float:left; margin:0 15px 15px 0;"&gt; &lt;/a&gt; 
&lt;/div&gt; 
&lt;p&gt;Construction work is inherently dangerous. Construction consistently leads all industries in total worker deaths each year and has one of the highest fatality rates for worker deaths. The top priority of every construction company should be to protect their workers from injuries and ensure everyone makes it home safe at the end of each shift.&lt;/p&gt;  
&lt;img src="https://track.hubspot.com/__ptq.gif?a=2347101&amp;amp;k=14&amp;amp;r=https%3A%2F%2Fwww.constructconnect.com%2Fblog%2F4-ways-improve-jobsite-safety&amp;amp;bu=https%253A%252F%252Fwww.constructconnect.com%252Fblog&amp;amp;bvt=rss" alt="" width="1" height="1" style="min-height:1px!important;width:1px!important;border-width:0!important;margin-top:0!important;margin-bottom:0!important;margin-right:0!important;margin-left:0!important;padding-top:0!important;padding-bottom:0!important;padding-right:0!important;padding-left:0!important; "&gt;</content:encoded>
      <category>Construction Safety</category>
      <pubDate>Wed, 03 Aug 2022 13:00:00 GMT</pubDate>
      <author>kendall.jones@constructconnect.com (Kendall Jones)</author>
      <guid>https://www.constructconnect.com/blog/4-ways-improve-jobsite-safety</guid>
      <dc:date>2022-08-03T13:00:00Z</dc:date>
    </item>
  </channel>
</rss>
